id,name,website,is_active,property_count,scrape_status,scrape_error,created_at,updated_at,last_scrape,size_category,scrape_frequency,last_new_properties,avg_new_properties,total_scrapes,next_scrape_at
27,Depaulaonline,https://www.depaulaonline.com.br,True,38,error,,2025-12-19T19:05:25.707157,2025-12-23T18:23:57.210385,2025-12-21T10:01:47.891328,medium,weekly,38,38,1,2025-12-28T10:01:47.891313+00:00
33,Unileiloes,https://www.unileiloes.com.br,True,2,error,,2025-12-19T19:05:25.707157,2025-12-23T18:24:10.884161,2025-12-21T10:12:36.304753,small,weekly,2,2,1,2025-12-28T10:12:36.304734+00:00
6,Sfrazao,https://www.sfrazao.com.br,True,10,error,,2025-12-19T19:05:25.707157,2025-12-23T18:24:21.611347,2025-12-21T11:44:22.115828,small,weekly,10,10,1,2025-12-28T11:44:22.115811+00:00
13,Sodresantoro,https://www.sodresantoro.com.br,True,28,error,,2025-12-19T19:05:25.707157,2025-12-23T18:24:34.831792,2025-12-21T09:44:05.414923,medium,weekly,28,28,1,2025-12-28T09:44:05.414882+00:00
7,Leiloes,https://www.leiloes.com.br,True,0,error,,2025-12-19T19:05:25.707157,2025-12-23T22:49:39.635758,,small,weekly,0,0,0,2025-12-19T19:05:25.707157+00:00
8,Grupoarremateleiloes,https://www.grupoarremateleiloes.com.br,True,0,error,,2025-12-19T19:05:25.707157,2025-12-23T22:50:32.851289,,small,weekly,0,0,0,2025-12-19T19:05:25.707157+00:00
9,Sold,https://www.sold.com.br,True,1,success,,2025-12-19T19:05:25.707157,2025-12-23T22:51:05.266917,2025-12-23T22:51:05.266917,small,weekly,1,1,1,2025-12-30T22:51:05.266917+00:00
10,Milanleiloes,https://www.milanleiloes.com.br,True,0,error,,2025-12-19T19:05:25.707157,2025-12-23T22:51:13.604415,,small,weekly,0,0,0,2025-12-19T19:05:25.707157+00:00
14,Leilaovip,https://www.leilaovip.com.br,True,0,error,,2025-12-19T19:05:25.707157,2025-12-23T22:51:25.927306,,small,weekly,0,0,0,2025-12-19T19:05:25.707157+00:00
15,Hastavip,https://www.hastavip.com.br,True,6,success,,2025-12-19T19:05:25.707157,2025-12-23T22:54:45.557304,2025-12-23T22:54:45.557304,small,weekly,6,6,1,2025-12-30T22:54:45.557304+00:00
16,Bestleiloes,https://www.bestleiloes.com.br,True,0,error,,2025-12-19T19:05:25.707157,2025-12-23T22:54:56.43046,,small,weekly,0,0,0,2025-12-19T19:05:25.707157+00:00
17,Satoleiloes,https://www.satoleiloes.com.br,True,0,error,,2025-12-19T19:05:25.707157,2025-12-23T22:55:05.469121,,small,weekly,0,0,0,2025-12-19T19:05:25.707157+00:00
18,Casareisleiloesonline,https://www.casareisleiloesonline.com.br,True,0,error,,2025-12-19T19:05:25.707157,2025-12-23T22:55:14.451448,,small,weekly,0,0,0,2025-12-19T19:05:25.707157+00:00
2,Megaleiloes,https://www.megaleiloes.com.br/,True,50,success,,2025-12-19T16:22:44.282953,2025-12-27T16:12:15.662857,2025-12-27T16:12:15.662857,large,weekly,469,469,1,2025-12-30T22:48:35.302461+00:00
11,Biasileiloes,https://www.biasileiloes.com.br,True,23,error,,2025-12-19T19:05:25.707157,2025-12-23T17:52:31.000903,2025-12-21T09:40:00.02525,medium,weekly,23,23,1,2025-12-28T09:40:00.025233+00:00
12,Leje,https://www.leje.com.br,True,40,success,,2025-12-19T19:05:25.707157,2025-12-23T18:22:49.202181,2025-12-23T18:22:49.202181,medium,twice_weekly,38,20,2,2025-12-27T06:22:49.202181+00:00
21,Leilaobrasil,https://www.leilaobrasil.com.br,True,40,error,,2025-12-19T19:05:25.707157,2025-12-23T18:22:59.593966,2025-12-21T09:50:39.34736,medium,weekly,40,40,1,2025-12-28T09:50:39.347342+00:00
22,Hastapublica,https://www.hastapublica.com.br,True,20,error,,2025-12-19T19:05:25.707157,2025-12-23T18:23:09.124213,2025-12-21T09:53:52.6748,medium,weekly,20,20,1,2025-12-28T09:53:52.674784+00:00
3,Lancetotal,https://www.lancetotal.com.br,True,0,error,,2025-12-19T16:22:44.282953,2025-12-23T22:48:43.978381,2025-12-19T13:34:04.173275,small,weekly,0,0,0,
4,Freitasleiloeiro,https://www.freitasleiloeiro.com.br,True,0,error,,2025-12-19T16:22:44.282953,2025-12-23T22:49:11.323781,2025-12-19T13:34:07.941985,small,weekly,0,0,0,
5,Frazaoleiloes,https://www.frazaoleiloes.com.br,True,0,error,,2025-12-19T16:22:44.282953,2025-12-23T22:49:20.335685,2025-12-19T13:34:12.335601,small,weekly,0,0,0,
19,Francoleiloes,https://www.francoleiloes.com.br,True,0,error,,2025-12-19T19:05:25.707157,2025-12-23T22:56:24.106331,,small,weekly,0,0,0,2025-12-19T19:05:25.707157+00:00
20,Vivaleiloes,https://www.vivaleiloes.com.br,True,15,success,,2025-12-19T19:05:25.707157,2025-12-23T23:07:19.031803,2025-12-23T23:07:19.031803,small,weekly,15,15,1,2025-12-30T23:07:19.031803+00:00
23,Vizeuonline,https://www.vizeuonline.com.br,True,0,error,,2025-12-19T19:05:25.707157,2025-12-23T23:08:10.649125,,small,weekly,0,0,0,2025-12-19T19:05:25.707157+00:00
24,Pecinileiloes,https://www.pecinileiloes.com.br,True,0,error,,2025-12-19T19:05:25.707157,2025-12-23T23:08:22.037607,,small,weekly,0,0,0,2025-12-19T19:05:25.707157+00:00
26,Leilomaster,https://www.leilomaster.com.br,True,0,error,,2025-12-19T19:05:25.707157,2025-12-23T23:09:05.950145,,small,weekly,0,0,0,2025-12-19T19:05:25.707157+00:00
28,Melhorlanceleiloes,https://www.melhorlanceleiloes.com.br,True,0,error,,2025-12-19T19:05:25.707157,2025-12-23T23:10:06.939078,,small,weekly,0,0,0,2025-12-19T19:05:25.707157+00:00
29,Tezaleiloes,https://www.tezaleiloes.com.br,True,0,error,,2025-12-19T19:05:25.707157,2025-12-23T23:10:15.752931,,small,weekly,0,0,0,2025-12-19T19:05:25.707157+00:00
30,Leilaoinvestment,https://www.leilaoinvestment.com.br,True,0,error,,2025-12-19T19:05:25.707157,2025-12-23T23:10:26.730253,,small,weekly,0,0,0,2025-12-19T19:05:25.707157+00:00
31,Destakleiloes,https://www.destakleiloes.com.br,True,0,error,,2025-12-19T19:05:25.707157,2025-12-23T23:11:23.566217,,small,weekly,0,0,0,2025-12-19T19:05:25.707157+00:00
34,Projudleiloes,https://www.projudleiloes.com.br,True,0,error,,2025-12-19T19:05:25.707157,2025-12-23T23:12:23.736204,,small,weekly,0,0,0,2025-12-19T19:05:25.707157+00:00
35,Nossoleilao,https://www.nossoleilao.com.br,True,0,error,,2025-12-19T19:05:25.707157,2025-12-23T23:12:38.31678,,small,weekly,0,0,0,2025-12-19T19:05:25.707157+00:00
25,Lancenoleilao,https://www.lancenoleilao.com.br,True,1,error,,2025-12-19T19:05:25.707157,2025-12-23T23:12:47.136939,2025-12-21T09:57:43.483103,small,weekly,1,1,1,2025-12-28T09:57:43.483085+00:00
32,Lut,https://www.lut.com.br,True,71,success,,2025-12-19T19:05:25.707157,2025-12-23T23:56:24.058837,2025-12-23T23:56:24.058837,medium,weekly,68,39.33,3,2025-12-30T23:56:24.058837+00:00
1,Portalzuk,https://www.portalzuk.com.br/,True,4,error,Nenhum imóvel encontrado,2025-12-19T16:22:44.282953,2025-12-27T00:09:52.513342,2025-12-23T18:26:51.383745,small,weekly,4,4,1,2025-12-30T18:26:51.383745+00:00
41,Cunhaleiloeiro,https://www.cunhaleiloeiro.com.br,True,13,error,,2025-12-19T19:05:25.707157,2025-12-24T00:30:20.763207,2025-12-21T10:26:30.319741,small,weekly,13,13,1,2025-12-28T10:26:30.319723+00:00
45,Sumareleiloes,https://www.sumareleiloes.com.br,True,22,error,,2025-12-19T19:05:25.707157,2025-12-24T00:30:29.873906,2025-12-21T10:33:34.6843,medium,weekly,22,22,1,2025-12-28T10:33:34.684285+00:00
46,Lancejudicial,https://www.lancejudicial.com.br,True,304,success,,2025-12-19T19:05:25.707157,2025-12-24T03:10:32.492174,2025-12-24T03:10:32.492174,large,twice_weekly,254,152,2,2025-12-27T15:10:32.492174+00:00
48,E-Confianca,https://www.e-confianca.com.br,True,11,error,,2025-12-19T19:05:25.707157,2025-12-24T03:10:43.173942,2025-12-21T10:37:37.75284,small,weekly,11,11,1,2025-12-28T10:37:37.752822+00:00
49,Gilsoninumaruleiloes,https://www.gilsoninumaruleiloes.com.br,True,4,error,,2025-12-19T19:05:25.707157,2025-12-24T03:10:58.112638,2025-12-21T10:38:04.248779,small,weekly,4,4,1,2025-12-28T10:38:04.248761+00:00
50,Lanceja,https://www.lanceja.com.br,True,1,success,,2025-12-19T19:05:25.707157,2025-12-24T03:12:40.849895,2025-12-24T03:12:40.849895,small,biweekly,0,5,2,2026-01-07T03:12:40.849895+00:00
54,Liderleiloes,https://www.liderleiloes.com.br,True,6,error,,2025-12-19T19:05:25.707157,2025-12-24T03:12:50.709169,2025-12-21T10:41:06.011612,small,weekly,6,6,1,2025-12-28T10:41:06.011594+00:00
56,Carloferrarileiloes,https://www.carloferrarileiloes.com.br,True,3,error,,2025-12-19T19:05:25.707157,2025-12-24T03:12:59.763697,2025-12-21T10:41:38.118116,small,weekly,3,3,1,2025-12-28T10:41:38.118099+00:00
57,Webleiloes,https://www.webleiloes.com.br,True,14,error,,2025-12-19T19:05:25.707157,2025-12-24T03:15:44.579503,2025-12-21T10:42:20.236165,small,weekly,14,14,1,2025-12-28T10:42:20.236149+00:00
59,Picellileiloes,https://www.picellileiloes.com.br,True,2,success,,2025-12-19T19:05:25.707157,2025-12-24T03:17:22.668767,2025-12-24T03:17:22.668767,small,biweekly,0,4.5,2,2026-01-07T03:17:22.668767+00:00
62,Centraljudicial,https://www.centraljudicial.com.br,True,5,error,,2025-12-19T19:05:25.707157,2025-12-24T03:17:31.66855,2025-12-21T10:44:13.813379,small,weekly,5,5,1,2025-12-28T10:44:13.813363+00:00
71,Oleiloes,https://www.oleiloes.com.br,True,50,error,,2025-12-19T19:05:25.707157,2025-12-24T03:17:41.299073,2025-12-21T10:51:29.230995,medium,weekly,50,50,1,2025-12-28T10:51:29.230979+00:00
72,Rochaleiloes,https://www.rochaleiloes.com.br,True,1,success,,2025-12-19T19:05:25.707157,2025-12-24T03:18:23.241223,2025-12-24T03:18:23.241223,small,biweekly,0,10,2,2026-01-07T03:18:23.241223+00:00
73,Topoleiloes,https://www.topoleiloes.com.br,True,27,error,,2025-12-19T19:05:25.707157,2025-12-24T03:18:32.435597,2025-12-21T11:00:25.77938,medium,weekly,27,27,1,2025-12-28T11:00:25.779365+00:00
77,Nakakogueleiloes,https://www.nakakogueleiloes.com.br,True,18,success,,2025-12-19T19:05:25.707157,2025-12-24T03:26:22.325774,2025-12-24T03:26:22.325774,small,weekly,8,9,2,2025-12-31T03:26:22.325774+00:00
78,Vmleiloes,https://www.vmleiloes.com.br,True,20,error,,2025-12-19T19:05:25.707157,2025-12-24T03:26:31.959637,2025-12-21T11:04:25.425727,medium,weekly,20,20,1,2025-12-28T11:04:25.425709+00:00
79,Pbcastro,https://www.pbcastro.com.br,True,3,error,,2025-12-19T19:05:25.707157,2025-12-24T03:26:41.916812,2025-12-21T11:04:35.682436,small,weekly,3,3,1,2025-12-28T11:04:35.682419+00:00
80,Marquesleiloes,https://www.marquesleiloes.com.br,True,8,error,,2025-12-19T19:05:25.707157,2025-12-24T03:27:28.061895,2025-12-21T11:08:42.146443,small,weekly,8,8,1,2025-12-28T11:08:42.146427+00:00
81,Kleiloes,https://www.kleiloes.com.br,True,20,error,,2025-12-19T19:05:25.707157,2025-12-24T03:28:19.670095,2025-12-21T11:12:58.481513,medium,weekly,20,20,1,2025-12-28T11:12:58.481497+00:00
82,Jeleiloes,https://www.jeleiloes.com.br,True,40,error,,2025-12-19T19:05:25.707157,2025-12-24T03:30:40.706715,2025-12-21T11:21:25.621675,medium,weekly,40,40,1,2025-12-28T11:21:25.621658+00:00
83,Spencerleiloes,https://www.spencerleiloes.com.br,True,13,error,,2025-12-19T19:05:25.707157,2025-12-24T03:30:52.493303,2025-12-21T11:22:55.492998,small,weekly,13,13,1,2025-12-28T11:22:55.492982+00:00
37,Raicherleiloes,https://www.raicherleiloes.com.br,True,0,error,,2025-12-19T19:05:25.707157,2025-12-23T23:56:33.195577,,small,weekly,0,0,0,2025-12-19T19:05:25.707157+00:00
38,Alexandridisleiloes,https://www.alexandridisleiloes.com.br,True,23,success,,2025-12-19T19:05:25.707157,2025-12-24T00:10:48.952956,2025-12-24T00:10:48.952956,medium,weekly,23,23,1,2025-12-31T00:10:48.952956+00:00
40,Leiloeirospcom Br,https://www.leiloeirospcom.br,True,0,error,,2025-12-19T19:05:25.707157,2025-12-24T00:11:20.947834,,small,weekly,0,0,0,2025-12-19T19:05:25.707157+00:00
42,Publicumleiloes,https://www.publicumleiloes.com.br,True,0,error,,2025-12-19T19:05:25.707157,2025-12-24T00:12:03.386408,,small,weekly,0,0,0,2025-12-19T19:05:25.707157+00:00
43,Lecapeleiloes,https://www.lecapeleiloes.com.br,True,0,error,,2025-12-19T19:05:25.707157,2025-12-24T00:12:14.55209,,small,weekly,0,0,0,2025-12-19T19:05:25.707157+00:00
44,Legisleiloes,https://www.legisleiloes.com.br,True,0,error,,2025-12-19T19:05:25.707157,2025-12-24T00:13:08.042499,,small,weekly,0,0,0,2025-12-19T19:05:25.707157+00:00
47,Glleiloes,https://www.glleiloes.com.br,True,0,error,,2025-12-19T19:05:25.707157,2025-12-24T00:13:18.855851,,small,weekly,0,0,0,2025-12-19T19:05:25.707157+00:00
52,Fidalgoleiloes,https://www.fidalgoleiloes.com.br,True,0,error,,2025-12-19T19:05:25.707157,2025-12-24T00:13:36.485469,,small,weekly,0,0,0,2025-12-19T19:05:25.707157+00:00
53,3Torresleiloes,https://www.3torresleiloes.com.br,True,0,error,,2025-12-19T19:05:25.707157,2025-12-24T00:13:46.187125,,small,weekly,0,0,0,2025-12-19T19:05:25.707157+00:00
55,Rossileiloes,https://www.rossileiloes.com.br,True,0,error,,2025-12-19T19:05:25.707157,2025-12-24T00:13:56.37514,,small,weekly,0,0,0,2025-12-19T19:05:25.707157+00:00
60,Lanceleiloes,https://www.lanceleiloes.com.br,True,0,error,,2025-12-19T19:05:25.707157,2025-12-24T00:14:06.73411,,small,weekly,0,0,0,2025-12-19T19:05:25.707157+00:00
61,Escritoriodeleiloes,https://www.escritoriodeleiloes.com.br,True,0,error,,2025-12-19T19:05:25.707157,2025-12-24T00:14:17.411795,,small,weekly,0,0,0,2025-12-19T19:05:25.707157+00:00
63,Moralesleiloes,https://www.moralesleiloes.com.br,True,1,success,,2025-12-19T19:05:25.707157,2025-12-24T00:15:37.99752,2025-12-24T00:15:37.99752,small,weekly,1,1,1,2025-12-31T00:15:37.99752+00:00
64,Bcoleiloes,https://www.bcoleiloes.com.br,True,0,error,,2025-12-19T19:05:25.707157,2025-12-24T00:16:24.714829,,small,weekly,0,0,0,2025-12-19T19:05:25.707157+00:00
65,Leiloesgold,https://www.leiloesgold.com.br,True,0,error,,2025-12-19T19:05:25.707157,2025-12-24T00:16:48.745542,,small,weekly,0,0,0,2025-12-19T19:05:25.707157+00:00
66,Argonetworkleiloes,https://www.argonetworkleiloes.com.br,True,0,error,,2025-12-19T19:05:25.707157,2025-12-24T00:17:02.295911,,small,weekly,0,0,0,2025-12-19T19:05:25.707157+00:00
67,Conceitoleiloes,https://www.conceitoleiloes.com.br,True,0,error,,2025-12-19T19:05:25.707157,2025-12-24T00:17:12.477318,,small,weekly,0,0,0,2025-12-19T19:05:25.707157+00:00
68,Hisaleiloes,https://www.hisaleiloes.com.br,True,0,error,,2025-12-19T19:05:25.707157,2025-12-24T00:17:25.35937,,small,weekly,0,0,0,2025-12-19T19:05:25.707157+00:00
69,Judhastas,https://www.judhastas.com.br,True,0,error,,2025-12-19T19:05:25.707157,2025-12-24T00:17:34.210434,,small,weekly,0,0,0,2025-12-19T19:05:25.707157+00:00
70,Silveiraleiloes,https://www.silveiraleiloes.com.br,True,0,error,,2025-12-19T19:05:25.707157,2025-12-24T00:18:17.469265,,small,weekly,0,0,0,2025-12-19T19:05:25.707157+00:00
74,Kronbergleiloes,https://www.kronbergleiloes.com.br,True,0,error,,2025-12-19T19:05:25.707157,2025-12-24T00:18:29.337812,,small,weekly,0,0,0,2025-12-19T19:05:25.707157+00:00
75,Joaoluizleiloes,https://www.joaoluizleiloes.com.br,True,0,error,,2025-12-19T19:05:25.707157,2025-12-24T00:18:40.170753,,small,weekly,0,0,0,2025-12-19T19:05:25.707157+00:00
76,Psnleiloes,https://www.psnleiloes.com.br,True,13,success,,2025-12-19T19:05:25.707157,2025-12-24T00:26:57.246567,2025-12-24T00:26:57.246567,small,weekly,13,13,1,2025-12-31T00:26:57.246567+00:00
39,Allianceleiloes,https://www.allianceleiloes.com.br,True,50,error,,2025-12-19T19:05:25.707157,2025-12-24T00:30:10.589882,2025-12-21T10:21:37.565799,medium,weekly,50,50,1,2025-12-28T10:21:37.565773+00:00
109,Fauthleiloes,https://www.fauthleiloes.com.br,True,1,error,,2025-12-19T19:05:25.707157,2025-12-24T03:44:37.503157,2025-12-22T10:28:27.635284,small,weekly,1,1,1,2025-12-29T10:28:27.635267+00:00
118,Santoseborinleiloes,https://www.santoseborinleiloes.com.br,True,35,error,,2025-12-19T19:05:25.707157,2025-12-24T03:45:19.24538,2025-12-22T10:38:47.935531,medium,weekly,35,35,1,2025-12-29T10:38:47.935513+00:00
123,Leiloeslaraforster,https://www.leiloeslaraforster.com.br,True,50,error,,2025-12-19T19:05:25.707157,2025-12-24T03:46:02.174025,2025-12-22T10:49:26.264748,medium,weekly,50,50,1,2025-12-29T10:49:26.264732+00:00
125,Benedettoleiloes,https://www.benedettoleiloes.com.br,True,5,error,,2025-12-19T19:05:25.707157,2025-12-24T03:46:12.349452,2025-12-22T10:49:57.546185,small,weekly,5,5,1,2025-12-29T10:49:57.546168+00:00
129,Ctsleiloes,https://www.ctsleiloes.com.br,True,49,error,,2025-12-19T19:05:25.707157,2025-12-24T03:46:52.486489,2025-12-22T11:01:06.007272,medium,weekly,49,49,1,2025-12-29T11:01:06.007253+00:00
85,Nogarileiloes,https://www.nogarileiloes.com.br,True,0,error,,2025-12-19T19:05:25.707157,2025-12-24T03:31:12.772706,,small,weekly,0,0,0,2025-12-19T19:05:25.707157+00:00
86,Alemaoleiloeiro,https://www.alemaoleiloeiro.com.br,True,0,error,,2025-12-19T19:05:25.707157,2025-12-24T03:31:24.526918,,small,weekly,0,0,0,2025-12-19T19:05:25.707157+00:00
87,Cargneluttileiloes,https://www.cargneluttileiloes.com.br,True,0,error,,2025-12-19T19:05:25.707157,2025-12-24T03:31:35.392834,,small,weekly,0,0,0,2025-12-19T19:05:25.707157+00:00
88,Cristianoescolaleiloes,https://www.cristianoescolaleiloes.com.br,True,4,success,,2025-12-19T19:05:25.707157,2025-12-24T03:33:01.310482,2025-12-24T03:33:01.310482,small,weekly,4,4,1,2025-12-31T03:33:01.310482+00:00
89,Leilaosantos,https://www.leilaosantos.com.br,True,0,error,,2025-12-19T19:05:25.707157,2025-12-24T03:33:12.400617,,small,weekly,0,0,0,2025-12-19T19:05:25.707157+00:00
91,Moraesleiloes,https://www.moraesleiloes.com.br,True,0,error,,2025-12-19T19:05:25.707157,2025-12-24T03:33:23.333006,,small,weekly,0,0,0,2025-12-19T19:05:25.707157+00:00
92,Nortonleiloes,https://www.nortonleiloes.com.br,True,0,error,,2025-12-19T19:05:25.707157,2025-12-24T03:35:53.777964,,small,weekly,0,0,0,2025-12-19T19:05:25.707157+00:00
93,Pietosoleiloes,https://www.pietosoleiloes.com.br,True,0,error,,2025-12-19T19:05:25.707157,2025-12-24T03:36:05.038363,,small,weekly,0,0,0,2025-12-19T19:05:25.707157+00:00
94,Rauppleiloes,https://www.rauppleiloes.com.br,True,0,error,,2025-12-19T19:05:25.707157,2025-12-24T03:36:15.275522,,small,weekly,0,0,0,2025-12-19T19:05:25.707157+00:00
95,Santamarialeiloes,https://www.santamarialeiloes.com.br,True,0,error,,2025-12-19T19:05:25.707157,2025-12-24T03:36:24.91153,,small,weekly,0,0,0,2025-12-19T19:05:25.707157+00:00
96,Amtleiloes,https://www.amtleiloes.com.br,True,0,error,,2025-12-19T19:05:25.707157,2025-12-24T03:36:36.254588,,small,weekly,0,0,0,2025-12-19T19:05:25.707157+00:00
97,Alencastroleiloes,https://www.alencastroleiloes.com.br,True,0,error,,2025-12-19T19:05:25.707157,2025-12-24T03:36:50.853465,,small,weekly,0,0,0,2025-12-19T19:05:25.707157+00:00
99,Leilaobutia,https://www.leilaobutia.com.br,True,0,error,,2025-12-19T19:05:25.707157,2025-12-24T03:37:02.845654,,small,weekly,0,0,0,2025-12-19T19:05:25.707157+00:00
100,Scheidleiloes,https://www.scheidleiloes.com.br,True,0,error,,2025-12-19T19:05:25.707157,2025-12-24T03:37:14.603235,,small,weekly,0,0,0,2025-12-19T19:05:25.707157+00:00
101,Bronzattoleiloes,https://www.bronzattoleiloes.com.br,True,0,error,,2025-12-19T19:05:25.707157,2025-12-24T03:37:24.831767,,small,weekly,0,0,0,2025-12-19T19:05:25.707157+00:00
102,Lessaleiloes,https://www.lessaleiloes.com.br,True,0,error,,2025-12-19T19:05:25.707157,2025-12-24T03:37:38.686697,,small,weekly,0,0,0,2025-12-19T19:05:25.707157+00:00
103,Mpleilao,https://www.mpleilao.com.br,True,0,error,,2025-12-19T19:05:25.707157,2025-12-24T03:37:49.080294,,small,weekly,0,0,0,2025-12-19T19:05:25.707157+00:00
104,Agenciadeleiloes,https://www.agenciadeleiloes.com.br,True,0,error,,2025-12-19T19:05:25.707157,2025-12-24T03:38:01.060408,,small,weekly,0,0,0,2025-12-19T19:05:25.707157+00:00
105,Scholanteleiloes,https://www.scholanteleiloes.com.br,True,0,error,,2025-12-19T19:05:25.707157,2025-12-24T03:38:12.105893,,small,weekly,0,0,0,2025-12-19T19:05:25.707157+00:00
106,Clovisleiloeiro,https://www.clovisleiloeiro.com.br,True,0,error,,2025-12-19T19:05:25.707157,2025-12-24T03:38:21.987187,,small,weekly,0,0,0,2025-12-19T19:05:25.707157+00:00
107,Ferronatoleiloes,https://www.ferronatoleiloes.com.br,True,0,error,,2025-12-19T19:05:25.707157,2025-12-24T03:39:04.226284,,small,weekly,0,0,0,2025-12-19T19:05:25.707157+00:00
108,Eduardovivian,https://www.eduardovivian.com.br,True,0,error,,2025-12-19T19:05:25.707157,2025-12-24T03:39:14.908848,,small,weekly,0,0,0,2025-12-19T19:05:25.707157+00:00
110,Leiloesbonfadini,https://www.leiloesbonfadini.com.br,True,0,error,,2025-12-19T19:05:25.707157,2025-12-24T03:39:29.290131,,small,weekly,0,0,0,2025-12-19T19:05:25.707157+00:00
111,Clademirleiloeiro,https://www.clademirleiloeiro.com.br,True,0,error,,2025-12-19T19:05:25.707157,2025-12-24T03:39:38.800862,,small,weekly,0,0,0,2025-12-19T19:05:25.707157+00:00
112,Rabuskeleiloes,https://www.rabuskeleiloes.com.br,True,0,error,,2025-12-19T19:05:25.707157,2025-12-24T03:39:52.192763,,small,weekly,0,0,0,2025-12-19T19:05:25.707157+00:00
113,Zaccariasleiloes,https://www.zaccariasleiloes.com.br,True,0,error,,2025-12-19T19:05:25.707157,2025-12-24T03:40:01.924852,,small,weekly,0,0,0,2025-12-19T19:05:25.707157+00:00
114,Grandesleiloes,https://www.grandesleiloes.com.br,True,0,error,,2025-12-19T19:05:25.707157,2025-12-24T03:40:11.558284,,small,weekly,0,0,0,2025-12-19T19:05:25.707157+00:00
115,Muckleiloes,https://www.muckleiloes.com.br,True,0,error,,2025-12-19T19:05:25.707157,2025-12-24T03:41:06.719817,,small,weekly,0,0,0,2025-12-19T19:05:25.707157+00:00
116,Ckleiloes,https://www.ckleiloes.com.br,True,0,error,,2025-12-19T19:05:25.707157,2025-12-24T03:41:20.731958,,small,weekly,0,0,0,2025-12-19T19:05:25.707157+00:00
117,Correaleiloes,https://www.correaleiloes.com.br,True,0,error,,2025-12-19T19:05:25.707157,2025-12-24T03:41:36.445651,,small,weekly,0,0,0,2025-12-19T19:05:25.707157+00:00
119,Dldleiloeiro,https://www.dldleiloeiro.com.br,True,0,error,,2025-12-19T19:05:25.707157,2025-12-24T03:41:46.671038,,small,weekly,0,0,0,2025-12-19T19:05:25.707157+00:00
120,Evaleiloes,https://www.evaleiloes.com.br,True,0,error,,2025-12-19T19:05:25.707157,2025-12-24T03:41:55.409457,,small,weekly,0,0,0,2025-12-19T19:05:25.707157+00:00
121,Santayanaleiloes,https://www.santayanaleiloes.com.br,True,0,error,,2025-12-19T19:05:25.707157,2025-12-24T03:42:05.720644,,small,weekly,0,0,0,2025-12-19T19:05:25.707157+00:00
122,Zuccalmaglioleiloes,https://www.zuccalmaglioleiloes.com.br,True,0,error,,2025-12-19T19:05:25.707157,2025-12-24T03:42:20.658512,,small,weekly,0,0,0,2025-12-19T19:05:25.707157+00:00
124,Zagoleiloes,https://www.zagoleiloes.com.br,True,0,error,,2025-12-19T19:05:25.707157,2025-12-24T03:42:34.136637,,small,weekly,0,0,0,2025-12-19T19:05:25.707157+00:00
126,Marceloleiloeiro,https://www.marceloleiloeiro.com.br,True,0,error,,2025-12-19T19:05:25.707157,2025-12-24T03:42:43.44194,,small,weekly,0,0,0,2025-12-19T19:05:25.707157+00:00
127,Raotaleiloes,https://www.raotaleiloes.com.br,True,0,error,,2025-12-19T19:05:25.707157,2025-12-24T03:43:30.367633,,small,weekly,0,0,0,2025-12-19T19:05:25.707157+00:00
128,Finattoleiloes,https://www.finattoleiloes.com.br,True,0,error,,2025-12-19T19:05:25.707157,2025-12-24T03:43:39.809982,,small,weekly,0,0,0,2025-12-19T19:05:25.707157+00:00
130,Vidalleiloes,https://www.vidalleiloes.com.br,True,0,error,,2025-12-19T19:05:25.707157,2025-12-24T03:43:49.662243,,small,weekly,0,0,0,2025-12-19T19:05:25.707157+00:00
131,Gtleiloes,https://www.gtleiloes.com.br,True,0,error,,2025-12-19T19:05:25.707157,2025-12-24T03:44:02.645915,,small,weekly,0,0,0,2025-12-19T19:05:25.707157+00:00
155,Veronicaleiloes,https://www.veronicaleiloes.com.br,True,0,pending,,2025-12-19T19:05:25.707157,2025-12-19T19:05:25.707157,,small,weekly,0,0,0,2025-12-19T19:05:25.707157+00:00
156,Kielleiloes,https://www.kielleiloes.com.br,True,0,pending,,2025-12-19T19:05:25.707157,2025-12-19T19:05:25.707157,,small,weekly,0,0,0,2025-12-19T19:05:25.707157+00:00
157,Machadoleiloesrs,https://www.machadoleiloesrs.com.br,True,0,pending,,2025-12-19T19:05:25.707157,2025-12-19T19:05:25.707157,,small,weekly,0,0,0,2025-12-19T19:05:25.707157+00:00
159,Fumagallileiloes,https://www.fumagallileiloes.com.br,True,0,pending,,2025-12-19T19:05:25.707157,2025-12-19T19:05:25.707157,,small,weekly,0,0,0,2025-12-19T19:05:25.707157+00:00
160,Superleiloes,https://www.superleiloes.net,True,0,pending,,2025-12-19T19:05:25.707157,2025-12-19T19:05:25.707157,,small,weekly,0,0,0,2025-12-19T19:05:25.707157+00:00
161,Regionalleiloes,https://www.regionalleiloes.com.br,True,0,pending,,2025-12-19T19:05:25.707157,2025-12-19T19:05:25.707157,,small,weekly,0,0,0,2025-12-19T19:05:25.707157+00:00
162,Juleiloes,https://www.juleiloes.com.br,True,0,pending,,2025-12-19T19:05:25.707157,2025-12-19T19:05:25.707157,,small,weekly,0,0,0,2025-12-19T19:05:25.707157+00:00
163,Renovarleiloes,https://www.renovarleiloes.com.br,True,0,pending,,2025-12-19T19:05:25.707157,2025-12-19T19:05:25.707157,,small,weekly,0,0,0,2025-12-19T19:05:25.707157+00:00
164,Swleiloes,https://www.swleiloes.com.br,True,0,pending,,2025-12-19T19:05:25.707157,2025-12-19T19:05:25.707157,,small,weekly,0,0,0,2025-12-19T19:05:25.707157+00:00
167,Evolveleiloes,https://www.evolveleiloes.com.br,True,0,pending,,2025-12-19T19:05:25.707157,2025-12-19T19:05:25.707157,,small,weekly,0,0,0,2025-12-19T19:05:25.707157+00:00
168,Gestorleiloes,https://www.gestorleiloes.com.br,True,0,pending,,2025-12-19T19:05:25.707157,2025-12-19T19:05:25.707157,,small,weekly,0,0,0,2025-12-19T19:05:25.707157+00:00
169,Dalaqualeiloes,https://www.dalaqualeiloes.com.br,True,0,pending,,2025-12-19T19:05:25.707157,2025-12-19T19:05:25.707157,,small,weekly,0,0,0,2025-12-19T19:05:25.707157+00:00
170,Rzleiloes,https://www.rzleiloes.com.br,True,0,pending,,2025-12-19T19:05:25.707157,2025-12-19T19:05:25.707157,,small,weekly,0,0,0,2025-12-19T19:05:25.707157+00:00
173,Kildareleiloes,https://www.kildareleiloes.com.br,True,0,pending,,2025-12-19T19:05:25.707157,2025-12-19T19:05:25.707157,,small,weekly,0,0,0,2025-12-19T19:05:25.707157+00:00
174,Alexiusleiloes,https://www.alexiusleiloes.com.br,True,0,pending,,2025-12-19T19:05:25.707157,2025-12-19T19:05:25.707157,,small,weekly,0,0,0,2025-12-19T19:05:25.707157+00:00
175,Eckertleiloes,https://www.eckertleiloes.com.br,True,0,pending,,2025-12-19T19:05:25.707157,2025-12-19T19:05:25.707157,,small,weekly,0,0,0,2025-12-19T19:05:25.707157+00:00
176,Hoppeleiloes,https://www.hoppeleiloes.com.br,True,0,pending,,2025-12-19T19:05:25.707157,2025-12-19T19:05:25.707157,,small,weekly,0,0,0,2025-12-19T19:05:25.707157+00:00
178,Albuquerquelins,https://www.albuquerquelins.com.br,True,0,pending,,2025-12-19T19:05:25.707157,2025-12-19T19:05:25.707157,,small,weekly,0,0,0,2025-12-19T19:05:25.707157+00:00
132,Feliperottaleiloes,https://www.feliperottaleiloes.com.br,True,0,error,,2025-12-19T19:05:25.707157,2025-12-24T03:47:03.487722,,small,weekly,0,0,0,2025-12-19T19:05:25.707157+00:00
133,Mgleiloes-Rs,https://www.mgleiloes-rs.com.br,True,0,error,,2025-12-19T19:05:25.707157,2025-12-24T03:47:14.428266,,small,weekly,0,0,0,2025-12-19T19:05:25.707157+00:00
134,Bartmannleiloes,https://www.bartmannleiloes.com.br,True,0,error,,2025-12-19T19:05:25.707157,2025-12-24T03:47:25.171494,,small,weekly,0,0,0,2025-12-19T19:05:25.707157+00:00
135,Ruipintoleiloeiro,https://www.ruipintoleiloeiro.com.br,True,0,error,,2025-12-19T19:05:25.707157,2025-12-24T03:47:34.76958,,small,weekly,0,0,0,2025-12-19T19:05:25.707157+00:00
136,Rechleiloes,https://www.rechleiloes.com.br,True,0,error,,2025-12-19T19:05:25.707157,2025-12-24T03:47:47.089011,,small,weekly,0,0,0,2025-12-19T19:05:25.707157+00:00
137,Gabrielleiloes,https://www.gabrielleiloes.com.br,True,0,error,,2025-12-19T19:05:25.707157,2025-12-24T03:47:57.610431,,small,weekly,0,0,0,2025-12-19T19:05:25.707157+00:00
138,Leiloeirobarbieri,https://www.leiloeirobarbieri.com.br,True,0,error,,2025-12-19T19:05:25.707157,2025-12-24T03:48:10.522886,,small,weekly,0,0,0,2025-12-19T19:05:25.707157+00:00
139,Michellileiloes,https://www.michellileiloes.com.br,True,0,error,,2025-12-19T19:05:25.707157,2025-12-24T03:48:21.06903,,small,weekly,0,0,0,2025-12-19T19:05:25.707157+00:00
140,Trevisanleiloes,https://www.trevisanleiloes.com.br,True,0,error,,2025-12-19T19:05:25.707157,2025-12-24T03:48:30.620461,,small,weekly,0,0,0,2025-12-19T19:05:25.707157+00:00
142,Lipinskileiloes,https://www.lipinskileiloes.com.br,True,0,error,,2025-12-19T19:05:25.707157,2025-12-24T03:48:40.230513,,small,weekly,0,0,0,2025-12-19T19:05:25.707157+00:00
143,Tonialleiloes,https://www.tonialleiloes.com.br,True,0,error,,2025-12-19T19:05:25.707157,2025-12-24T03:48:49.37969,,small,weekly,0,0,0,2025-12-19T19:05:25.707157+00:00
144,Alexsandroleiloes,https://www.alexsandroleiloes.com.br,True,0,error,,2025-12-19T19:05:25.707157,2025-12-24T03:48:58.732764,,small,weekly,0,0,0,2025-12-19T19:05:25.707157+00:00
145,Bianchileiloes,https://www.bianchileiloes.com.br,True,0,error,,2025-12-19T19:05:25.707157,2025-12-24T03:49:08.337126,,small,weekly,0,0,0,2025-12-19T19:05:25.707157+00:00
146,Backleiloes,https://www.backleiloes.com.br,True,0,error,,2025-12-19T19:05:25.707157,2025-12-24T03:49:51.686697,,small,weekly,0,0,0,2025-12-19T19:05:25.707157+00:00
147,Deborabarzleiloes,https://www.deborabarzleiloes.com.br,True,0,error,,2025-12-19T19:05:25.707157,2025-12-24T03:50:03.003116,,small,weekly,0,0,0,2025-12-19T19:05:25.707157+00:00
148,Arnoldoleiloes,https://www.arnoldoleiloes.com.br,True,0,error,,2025-12-19T19:05:25.707157,2025-12-24T03:50:14.621849,,small,weekly,0,0,0,2025-12-19T19:05:25.707157+00:00
149,Bidgo,https://www.bidgo.com.br,True,0,error,,2025-12-19T19:05:25.707157,2025-12-24T03:50:25.824483,,small,weekly,0,0,0,2025-12-19T19:05:25.707157+00:00
158,Casaforteleiloes,https://www.casaforteleiloes.com.br,True,10,success,,2025-12-19T19:05:25.707157,2025-12-24T10:44:49.641281,2025-12-24T10:44:49.641279,small,weekly,10,10,1,2025-12-31T10:44:49.641262+00:00
151,Szortykaleiloes,https://www.szortykaleiloes.com.br,True,0,error,,2025-12-19T19:05:25.707157,2025-12-24T07:16:06.906246,,small,weekly,0,0,0,2025-12-19T19:05:25.707157+00:00
152,Rangelleiloes,https://www.rangelleiloes.com.br,True,0,error,,2025-12-19T19:05:25.707157,2025-12-24T07:16:17.807683,,small,weekly,0,0,0,2025-12-19T19:05:25.707157+00:00
153,Fariasleiloes,https://www.fariasleiloes.com.br,True,0,error,,2025-12-19T19:05:25.707157,2025-12-24T07:16:28.328802,,small,weekly,0,0,0,2025-12-19T19:05:25.707157+00:00
154,Utzigleiloes,https://www.utzigleiloes.com.br,True,0,error,,2025-12-19T19:05:25.707157,2025-12-24T07:16:39.224992,,small,weekly,0,0,0,2025-12-19T19:05:25.707157+00:00
150,Trileiloes,https://www.trileiloes.com.br,True,20,success,,2025-12-19T19:05:25.707157,2025-12-24T10:43:35.523277,2025-12-24T10:43:35.523275,medium,weekly,20,181.5,2,2025-12-31T10:43:35.523259+00:00
165,Kriegerleiloes,https://www.kriegerleiloes.com.br,True,13,success,,2025-12-19T19:05:25.707157,2025-12-24T10:46:19.242775,2025-12-24T10:46:19.242773,small,weekly,13,13,1,2025-12-31T10:46:19.242757+00:00
166,Turanileiloes,https://www.turanileiloes.com.br,True,8,success,,2025-12-19T19:05:25.707157,2025-12-24T10:46:57.025933,2025-12-24T10:46:57.025931,small,weekly,8,8,1,2025-12-31T10:46:57.025913+00:00
172,Savoyleiloes,https://www.savoyleiloes.com.br,True,1,success,,2025-12-19T19:05:25.707157,2025-12-24T10:47:51.116804,2025-12-24T10:47:51.116803,small,weekly,1,1,1,2025-12-31T10:47:51.116785+00:00
177,Leiloesfreire,https://www.leiloesfreire.com.br,True,17,success,,2025-12-19T19:05:25.707157,2025-12-25T10:29:03.177564,2025-12-25T10:29:03.177563,small,weekly,17,17,1,2026-01-01T10:29:03.177545+00:00
179,Abaleiloes,https://www.abaleiloes.com.br,True,2,success,,2025-12-19T19:05:25.707157,2025-12-25T10:29:22.558755,2025-12-25T10:29:22.558754,small,weekly,2,2,1,2026-01-01T10:29:22.558735+00:00
180,Lancecertoleiloes,https://www.lancecertoleiloes.com.br,True,0,pending,,2025-12-19T19:05:25.707157,2025-12-19T19:05:25.707157,,small,weekly,0,0,0,2025-12-19T19:05:25.707157+00:00
181,Rjleiloes,https://www.rjleiloes.com.br,True,0,pending,,2025-12-19T19:05:25.707157,2025-12-19T19:05:25.707157,,small,weekly,0,0,0,2025-12-19T19:05:25.707157+00:00
182,Danielgarcialeiloes,https://www.danielgarcialeiloes.com.br,True,0,pending,,2025-12-19T19:05:25.707157,2025-12-19T19:05:25.707157,,small,weekly,0,0,0,2025-12-19T19:05:25.707157+00:00
183,Inovaleilao,https://www.inovaleilao.com.br,True,0,pending,,2025-12-19T19:05:25.707157,2025-12-19T19:05:25.707157,,small,weekly,0,0,0,2025-12-19T19:05:25.707157+00:00
184,Portaldosleiloes,https://www.portaldosleiloes.com,True,0,pending,,2025-12-19T19:05:25.707157,2025-12-19T19:05:25.707157,,small,weekly,0,0,0,2025-12-19T19:05:25.707157+00:00
185,Alfaleiloes,https://www.alfaleiloes.com,True,0,pending,,2025-12-19T19:05:25.707157,2025-12-19T19:05:25.707157,,small,weekly,0,0,0,2025-12-19T19:05:25.707157+00:00
186,Leiloeirodebrasilia,https://www.leiloeirodebrasilia.com.br,True,0,pending,,2025-12-19T19:05:25.707157,2025-12-19T19:05:25.707157,,small,weekly,0,0,0,2025-12-19T19:05:25.707157+00:00
187,Costanetoleiloeiro,https://www.costanetoleiloeiro.com.br,True,0,pending,,2025-12-19T19:05:25.707157,2025-12-19T19:05:25.707157,,small,weekly,0,0,0,2025-12-19T19:05:25.707157+00:00
188,Multleiloes,https://www.multleiloes.com,True,0,pending,,2025-12-19T19:05:25.707157,2025-12-19T19:05:25.707157,,small,weekly,0,0,0,2025-12-19T19:05:25.707157+00:00
189,Bsbleiloes,https://www.bsbleiloes.com.br,True,0,pending,,2025-12-19T19:05:25.707157,2025-12-19T19:05:25.707157,,small,weekly,0,0,0,2025-12-19T19:05:25.707157+00:00
190,Brasilialeiloes,https://www.brasilialeiloes.com.br,True,0,pending,,2025-12-19T19:05:25.707157,2025-12-19T19:05:25.707157,,small,weekly,0,0,0,2025-12-19T19:05:25.707157+00:00
191,Paulotolentino,https://www.paulotolentino.com.br,True,0,pending,,2025-12-19T19:05:25.707157,2025-12-19T19:05:25.707157,,small,weekly,0,0,0,2025-12-19T19:05:25.707157+00:00
192,Parquedosleiloes,https://www.parquedosleiloes.com.br,True,0,pending,,2025-12-19T19:05:25.707157,2025-12-19T19:05:25.707157,,small,weekly,0,0,0,2025-12-19T19:05:25.707157+00:00
193,Jfleiloes,https://www.jfleiloes.com.br,True,0,pending,,2025-12-19T19:05:25.707157,2025-12-19T19:05:25.707157,,small,weekly,0,0,0,2025-12-19T19:05:25.707157+00:00
194,Flexleiloes,https://www.flexleiloes.com.br,True,0,pending,,2025-12-19T19:05:25.707157,2025-12-19T19:05:25.707157,,small,weekly,0,0,0,2025-12-19T19:05:25.707157+00:00
195,Grupoleilo,https://www.grupoleilo.com.br,True,0,pending,,2025-12-19T19:05:25.707157,2025-12-19T19:05:25.707157,,small,weekly,0,0,0,2025-12-19T19:05:25.707157+00:00
196,Jcleiloeiro,https://www.jcleiloeiro.com.br,True,0,pending,,2025-12-19T19:05:25.707157,2025-12-19T19:05:25.707157,,small,weekly,0,0,0,2025-12-19T19:05:25.707157+00:00
197,Luizleiloes,https://www.luizleiloes.com.br,True,0,pending,,2025-12-19T19:05:25.707157,2025-12-19T19:05:25.707157,,small,weekly,0,0,0,2025-12-19T19:05:25.707157+00:00
198,Alvaroleiloes,https://www.alvaroleiloes.com.br,True,0,pending,,2025-12-19T19:05:25.707157,2025-12-19T19:05:25.707157,,small,weekly,0,0,0,2025-12-19T19:05:25.707157+00:00
199,Assuncaoleiloes,https://www.assuncaoleiloes.com.br,True,0,pending,,2025-12-19T19:05:25.707157,2025-12-19T19:05:25.707157,,small,weekly,0,0,0,2025-12-19T19:05:25.707157+00:00
200,Infinityleiloes,https://www.infinityleiloes.com.br,True,0,pending,,2025-12-19T19:05:25.707157,2025-12-19T19:05:25.707157,,small,weekly,0,0,0,2025-12-19T19:05:25.707157+00:00
201,Upleiloes,https://www.upleiloes.com.br,True,0,pending,,2025-12-19T19:05:25.707157,2025-12-19T19:05:25.707157,,small,weekly,0,0,0,2025-12-19T19:05:25.707157+00:00
202,Adringleiloes,https://www.adringleiloes.com.br,True,0,pending,,2025-12-19T19:05:25.707157,2025-12-19T19:05:25.707157,,small,weekly,0,0,0,2025-12-19T19:05:25.707157+00:00
203,Oaleiloes,https://www.oaleiloes.com.br,True,0,pending,,2025-12-19T19:05:25.707157,2025-12-19T19:05:25.707157,,small,weekly,0,0,0,2025-12-19T19:05:25.707157+00:00
204,Eixoleiloes,https://www.eixoleiloes.com.br,True,0,pending,,2025-12-19T19:05:25.707157,2025-12-19T19:05:25.707157,,small,weekly,0,0,0,2025-12-19T19:05:25.707157+00:00
205,Clicleiloes,https://www.clicleiloes.com.br,True,0,pending,,2025-12-19T19:05:25.707157,2025-12-19T19:05:25.707157,,small,weekly,0,0,0,2025-12-19T19:05:25.707157+00:00
206,Marquesbarretoleiloes,https://www.marquesbarretoleiloes.com.br,True,0,pending,,2025-12-19T19:05:25.707157,2025-12-19T19:05:25.707157,,small,weekly,0,0,0,2025-12-19T19:05:25.707157+00:00
207,Anabrasilleiloes,https://www.anabrasilleiloes.com.br,True,0,pending,,2025-12-19T19:05:25.707157,2025-12-19T19:05:25.707157,,small,weekly,0,0,0,2025-12-19T19:05:25.707157+00:00
208,E-Leiloeiro,https://www.e-leiloeiro.com.br,True,0,pending,,2025-12-19T19:05:25.707157,2025-12-19T19:05:25.707157,,small,weekly,0,0,0,2025-12-19T19:05:25.707157+00:00
209,Soleiloes,https://www.soleiloes.com.br,True,0,pending,,2025-12-19T19:05:25.707157,2025-12-19T19:05:25.707157,,small,weekly,0,0,0,2025-12-19T19:05:25.707157+00:00
210,Morescoleiloes,https://www.morescoleiloes.com.br,True,0,pending,,2025-12-19T19:05:25.707157,2025-12-19T19:05:25.707157,,small,weekly,0,0,0,2025-12-19T19:05:25.707157+00:00
211,Fabioleiloes,https://www.fabioleiloes.com.br,True,0,pending,,2025-12-19T19:05:25.707157,2025-12-19T19:05:25.707157,,small,weekly,0,0,0,2025-12-19T19:05:25.707157+00:00
212,Brunoleiloes,https://www.brunoleiloes.com.br,True,0,pending,,2025-12-19T19:05:25.707157,2025-12-19T19:05:25.707157,,small,weekly,0,0,0,2025-12-19T19:05:25.707157+00:00
213,Danieloliveiraleiloes,https://www.danieloliveiraleiloes.com.br,True,0,pending,,2025-12-19T19:05:25.707157,2025-12-19T19:05:25.707157,,small,weekly,0,0,0,2025-12-19T19:05:25.707157+00:00
214,Bastonleiloes,https://www.bastonleiloes.com.br,True,0,pending,,2025-12-19T19:05:25.707157,2025-12-19T19:05:25.707157,,small,weekly,0,0,0,2025-12-19T19:05:25.707157+00:00
215,Leiloescentrooeste,https://www.leiloescentrooeste.com.br,True,0,pending,,2025-12-19T19:05:25.707157,2025-12-19T19:05:25.707157,,small,weekly,0,0,0,2025-12-19T19:05:25.707157+00:00
216,Leiloes61,https://www.leiloes61.com.br,True,0,pending,,2025-12-19T19:05:25.707157,2025-12-19T19:05:25.707157,,small,weekly,0,0,0,2025-12-19T19:05:25.707157+00:00
217,Mikedutraleiloeiro,https://www.mikedutraleiloeiro.com.br,True,0,pending,,2025-12-19T19:05:25.707157,2025-12-19T19:05:25.707157,,small,weekly,0,0,0,2025-12-19T19:05:25.707157+00:00
218,Oreidosleiloes,https://www.oreidosleiloes.com.br,True,0,pending,,2025-12-19T19:05:25.707157,2025-12-19T19:05:25.707157,,small,weekly,0,0,0,2025-12-19T19:05:25.707157+00:00
219,Leiloesfederal,https://www.leiloesfederal.com.br,True,0,pending,,2025-12-19T19:05:25.707157,2025-12-19T19:05:25.707157,,small,weekly,0,0,0,2025-12-19T19:05:25.707157+00:00
220,Natalialeiloes,https://www.natalialeiloes.com.br,True,0,pending,,2025-12-19T19:05:25.707157,2025-12-19T19:05:25.707157,,small,weekly,0,0,0,2025-12-19T19:05:25.707157+00:00
221,Arrematabem,https://www.arrematabem.com.br,True,0,pending,,2025-12-19T19:05:25.707157,2025-12-19T19:05:25.707157,,small,weekly,0,0,0,2025-12-19T19:05:25.707157+00:00
222,Tmleiloes,https://www.tmleiloes.com.br,True,0,pending,,2025-12-19T19:05:25.707157,2025-12-19T19:05:25.707157,,small,weekly,0,0,0,2025-12-19T19:05:25.707157+00:00
223,Hastalegal,https://www.hastalegal.com.br,True,0,pending,,2025-12-19T19:05:25.707157,2025-12-19T19:05:25.707157,,small,weekly,0,0,0,2025-12-19T19:05:25.707157+00:00
224,Duxleiloes,https://www.duxleiloes.com.br,True,0,pending,,2025-12-19T19:05:25.707157,2025-12-19T19:05:25.707157,,small,weekly,0,0,0,2025-12-19T19:05:25.707157+00:00
225,Amleiloeiro,https://www.amleiloeiro.com.br,True,0,pending,,2025-12-19T19:05:25.707157,2025-12-19T19:05:25.707157,,small,weekly,0,0,0,2025-12-19T19:05:25.707157+00:00
226,Marangonileiloes,https://www.marangonileiloes.com.br,True,0,pending,,2025-12-19T19:05:25.707157,2025-12-19T19:05:25.707157,,small,weekly,0,0,0,2025-12-19T19:05:25.707157+00:00
227,Leiloeiroqueiroz,https://www.leiloeiroqueiroz.com.br,True,0,pending,,2025-12-19T19:05:25.707157,2025-12-19T19:05:25.707157,,small,weekly,0,0,0,2025-12-19T19:05:25.707157+00:00
228,Alleiloes,https://www.alleiloes.com.br,True,0,pending,,2025-12-19T19:05:25.707157,2025-12-19T19:05:25.707157,,small,weekly,0,0,0,2025-12-19T19:05:25.707157+00:00
229,Andreluizleiloes,https://www.andreluizleiloes.com.br,True,0,pending,,2025-12-19T19:05:25.707157,2025-12-19T19:05:25.707157,,small,weekly,0,0,0,2025-12-19T19:05:25.707157+00:00
230,Acleiloes,https://www.acleiloes.com.br,True,0,pending,,2025-12-19T19:05:25.707157,2025-12-19T19:05:25.707157,,small,weekly,0,0,0,2025-12-19T19:05:25.707157+00:00
231,Cidafixerleiloes,https://www.cidafixerleiloes.com.br,True,0,pending,,2025-12-19T19:05:25.707157,2025-12-19T19:05:25.707157,,small,weekly,0,0,0,2025-12-19T19:05:25.707157+00:00
232,Grupocarvalholeiloes,https://www.grupocarvalholeiloes.com.br,True,0,pending,,2025-12-19T19:05:25.707157,2025-12-19T19:05:25.707157,,small,weekly,0,0,0,2025-12-19T19:05:25.707157+00:00
233,Claudiokussleiloes,https://www.claudiokussleiloes.com.br,True,0,pending,,2025-12-19T19:05:25.707157,2025-12-19T19:05:25.707157,,small,weekly,0,0,0,2025-12-19T19:05:25.707157+00:00
234,Dsleiloes,https://www.dsleiloes.com.br,True,0,pending,,2025-12-19T19:05:25.707157,2025-12-19T19:05:25.707157,,small,weekly,0,0,0,2025-12-19T19:05:25.707157+00:00
235,Simonleiloes,https://www.simonleiloes.com.br,True,0,pending,,2025-12-19T19:05:25.707157,2025-12-19T19:05:25.707157,,small,weekly,0,0,0,2025-12-19T19:05:25.707157+00:00
236,Lancevip,https://www.lancevip.com.br,True,0,pending,,2025-12-19T19:05:25.707157,2025-12-19T19:05:25.707157,,small,weekly,0,0,0,2025-12-19T19:05:25.707157+00:00
237,Machadoleiloeiro,https://www.machadoleiloeiro.com.br,True,0,pending,,2025-12-19T19:05:25.707157,2025-12-19T19:05:25.707157,,small,weekly,0,0,0,2025-12-19T19:05:25.707157+00:00
238,Fabiobarbosaleiloes,https://www.fabiobarbosaleiloes.com.br,True,0,pending,,2025-12-19T19:05:25.707157,2025-12-19T19:05:25.707157,,small,weekly,0,0,0,2025-12-19T19:05:25.707157+00:00
239,Ksleiloes,https://www.ksleiloes.com.br,True,0,pending,,2025-12-19T19:05:25.707157,2025-12-19T19:05:25.707157,,small,weekly,0,0,0,2025-12-19T19:05:25.707157+00:00
240,Lancejusto,https://www.lancejusto.com.br,True,0,pending,,2025-12-19T19:05:25.707157,2025-12-19T19:05:25.707157,,small,weekly,0,0,0,2025-12-19T19:05:25.707157+00:00
241,Montenegroleiloes,https://www.montenegroleiloes.com.br,True,0,pending,,2025-12-19T19:05:25.707157,2025-12-19T19:05:25.707157,,small,weekly,0,0,0,2025-12-19T19:05:25.707157+00:00
242,Jacleiloes,https://www.jacleiloes.com.br,True,0,pending,,2025-12-19T19:05:25.707157,2025-12-19T19:05:25.707157,,small,weekly,0,0,0,2025-12-19T19:05:25.707157+00:00
243,Monzonleiloes,https://www.monzonleiloes.com.br,True,0,pending,,2025-12-19T19:05:25.707157,2025-12-19T19:05:25.707157,,small,weekly,0,0,0,2025-12-19T19:05:25.707157+00:00
244,Jmleiloes,https://www.jmleiloes.com.br,True,0,pending,,2025-12-19T19:05:25.707157,2025-12-19T19:05:25.707157,,small,weekly,0,0,0,2025-12-19T19:05:25.707157+00:00
245,Jorgemarcoleiloes,https://www.jorgemarcoleiloes.com.br,True,0,pending,,2025-12-19T19:05:25.707157,2025-12-19T19:05:25.707157,,small,weekly,0,0,0,2025-12-19T19:05:25.707157+00:00
246,Josequencaleiloeiro,https://www.josequencaleiloeiro.com.br,True,0,pending,,2025-12-19T19:05:25.707157,2025-12-19T19:05:25.707157,,small,weekly,0,0,0,2025-12-19T19:05:25.707157+00:00
247,Medeirosleiloes,https://www.medeirosleiloes.com.br,True,0,pending,,2025-12-19T19:05:25.707157,2025-12-19T19:05:25.707157,,small,weekly,0,0,0,2025-12-19T19:05:25.707157+00:00
248,Donhaleiloes,https://www.donhaleiloes.com,True,0,pending,,2025-12-19T19:05:25.707157,2025-12-19T19:05:25.707157,,small,weekly,0,0,0,2025-12-19T19:05:25.707157+00:00
249,Newtonleiloes,https://www.newtonleiloes.com.br,True,0,pending,,2025-12-19T19:05:25.707157,2025-12-19T19:05:25.707157,,small,weekly,0,0,0,2025-12-19T19:05:25.707157+00:00
250,Odarlicanezinleiloes,https://www.odarlicanezinleiloes.com.br,True,0,pending,,2025-12-19T19:05:25.707157,2025-12-19T19:05:25.707157,,small,weekly,0,0,0,2025-12-19T19:05:25.707157+00:00
251,Pimentelleiloes,https://www.pimentelleiloes.com.br,True,0,pending,,2025-12-19T19:05:25.707157,2025-12-19T19:05:25.707157,,small,weekly,0,0,0,2025-12-19T19:05:25.707157+00:00
252,Rdleiloes,https://www.rdleiloes.com.br,True,0,pending,,2025-12-19T19:05:25.707157,2025-12-19T19:05:25.707157,,small,weekly,0,0,0,2025-12-19T19:05:25.707157+00:00
253,Rmmleiloes,https://www.rmmleiloes.com.br,True,0,pending,,2025-12-19T19:05:25.707157,2025-12-19T19:05:25.707157,,small,weekly,0,0,0,2025-12-19T19:05:25.707157+00:00
254,Ricardogomesleiloes,https://www.ricardogomesleiloes.com.br,True,0,pending,,2025-12-19T19:05:25.707157,2025-12-19T19:05:25.707157,,small,weekly,0,0,0,2025-12-19T19:05:25.707157+00:00
255,Sfleiloes,https://www.sfleiloes.com.br,True,0,pending,,2025-12-19T19:05:25.707157,2025-12-19T19:05:25.707157,,small,weekly,0,0,0,2025-12-19T19:05:25.707157+00:00
256,Vargasepintoleiloes,https://www.vargasepintoleiloes.com.br,True,0,pending,,2025-12-19T19:05:25.707157,2025-12-19T19:05:25.707157,,small,weekly,0,0,0,2025-12-19T19:05:25.707157+00:00
257,Lottileiloes,https://www.lottileiloes.com.br,True,0,pending,,2025-12-19T19:05:25.707157,2025-12-19T19:05:25.707157,,small,weekly,0,0,0,2025-12-19T19:05:25.707157+00:00
258,Leilaonainternet,https://www.leilaonainternet.com.br,True,0,pending,,2025-12-19T19:05:25.707157,2025-12-19T19:05:25.707157,,small,weekly,0,0,0,2025-12-19T19:05:25.707157+00:00
259,Wspleiloes,https://www.wspleiloes.com.br,True,0,pending,,2025-12-19T19:05:25.707157,2025-12-19T19:05:25.707157,,small,weekly,0,0,0,2025-12-19T19:05:25.707157+00:00
260,Whleiloes,https://www.whleiloes.com.br,True,0,pending,,2025-12-19T19:05:25.707157,2025-12-19T19:05:25.707157,,small,weekly,0,0,0,2025-12-19T19:05:25.707157+00:00
261,Superlanceleilao,https://www.superlanceleilao.com.br,True,0,pending,,2025-12-19T19:05:25.707157,2025-12-19T19:05:25.707157,,small,weekly,0,0,0,2025-12-19T19:05:25.707157+00:00
262,Wmleiloes,https://www.wmleiloes.com.br,True,0,pending,,2025-12-19T19:05:25.707157,2025-12-19T19:05:25.707157,,small,weekly,0,0,0,2025-12-19T19:05:25.707157+00:00
263,Horizonteleiloes,https://www.horizonteleiloes.com.br,True,0,pending,,2025-12-19T19:05:25.707157,2025-12-19T19:05:25.707157,,small,weekly,0,0,0,2025-12-19T19:05:25.707157+00:00
264,Tabaleiloes,https://www.tabaleiloes.com.br,True,0,pending,,2025-12-19T19:05:25.707157,2025-12-19T19:05:25.707157,,small,weekly,0,0,0,2025-12-19T19:05:25.707157+00:00
265,Akimotoleiloes,https://www.akimotoleiloes.com.br,True,0,pending,,2025-12-19T19:05:25.707157,2025-12-19T19:05:25.707157,,small,weekly,0,0,0,2025-12-19T19:05:25.707157+00:00
266,Ricoleiloes,https://www.ricoleiloes.com.br,True,0,pending,,2025-12-19T19:05:25.707157,2025-12-19T19:05:25.707157,,small,weekly,0,0,0,2025-12-19T19:05:25.707157+00:00
267,Rocketleiloes,https://www.rocketleiloes.com.br,True,0,pending,,2025-12-19T19:05:25.707157,2025-12-19T19:05:25.707157,,small,weekly,0,0,0,2025-12-19T19:05:25.707157+00:00
268,Ktzleiloes,https://www.ktzleiloes.com.br,True,0,pending,,2025-12-19T19:05:25.707157,2025-12-19T19:05:25.707157,,small,weekly,0,0,0,2025-12-19T19:05:25.707157+00:00
269,Granadoleiloes,https://www.granadoleiloes.com.br,True,0,pending,,2025-12-19T19:05:25.707157,2025-12-19T19:05:25.707157,,small,weekly,0,0,0,2025-12-19T19:05:25.707157+00:00
270,Bigleilao,https://www.bigleilao.com.br,True,0,pending,,2025-12-19T19:05:25.707157,2025-12-19T19:05:25.707157,,small,weekly,0,0,0,2025-12-19T19:05:25.707157+00:00
271,Arenaleiloes,https://www.arenaleiloes.com.br,True,0,pending,,2025-12-19T19:05:25.707157,2025-12-19T19:05:25.707157,,small,weekly,0,0,0,2025-12-19T19:05:25.707157+00:00
272,Amaralleiloes,https://www.amaralleiloes.com.br,True,0,pending,,2025-12-19T19:05:25.707157,2025-12-19T19:05:25.707157,,small,weekly,0,0,0,2025-12-19T19:05:25.707157+00:00
273,Leiloaria,https://www.leiloaria.com.br,True,0,pending,,2025-12-19T19:05:25.707157,2025-12-19T19:05:25.707157,,small,weekly,0,0,0,2025-12-19T19:05:25.707157+00:00
274,Pactoleiloes,https://www.pactoleiloes.com.br,True,0,pending,,2025-12-19T19:05:25.707157,2025-12-19T19:05:25.707157,,small,weekly,0,0,0,2025-12-19T19:05:25.707157+00:00
275,Sublimeleiloes,https://www.sublimeleiloes.com.br,True,0,pending,,2025-12-19T19:05:25.707157,2025-12-19T19:05:25.707157,,small,weekly,0,0,0,2025-12-19T19:05:25.707157+00:00
276,Valeroleiloes,https://www.valeroleiloes.com.br,True,0,pending,,2025-12-19T19:05:25.707157,2025-12-19T19:05:25.707157,,small,weekly,0,0,0,2025-12-19T19:05:25.707157+00:00
277,Gustavomorettoleiloeiro,https://www.gustavomorettoleiloeiro.com.br,True,0,pending,,2025-12-19T19:05:25.707157,2025-12-19T19:05:25.707157,,small,weekly,0,0,0,2025-12-19T19:05:25.707157+00:00
278,Desantileiloes,https://www.desantileiloes.com.br,True,0,pending,,2025-12-19T19:05:25.707157,2025-12-19T19:05:25.707157,,small,weekly,0,0,0,2025-12-19T19:05:25.707157+00:00
279,Maisleilao,https://www.maisleilao.com.br,True,0,pending,,2025-12-19T19:05:25.707157,2025-12-19T19:05:25.707157,,small,weekly,0,0,0,2025-12-19T19:05:25.707157+00:00
280,Leilaoeletronico,https://www.leilaoeletronico.com.br,True,0,pending,,2025-12-19T19:05:25.707157,2025-12-19T19:05:25.707157,,small,weekly,0,0,0,2025-12-19T19:05:25.707157+00:00
281,Cardosoleiloes,https://www.cardosoleiloes.com.br,True,0,pending,,2025-12-19T19:05:25.707157,2025-12-19T19:05:25.707157,,small,weekly,0,0,0,2025-12-19T19:05:25.707157+00:00
282,Tribunaleiloes,https://www.tribunaleiloes.com.br,True,0,pending,,2025-12-19T19:05:25.707157,2025-12-19T19:05:25.707157,,small,weekly,0,0,0,2025-12-19T19:05:25.707157+00:00
283,Dbmleiloes,https://www.dbmleiloes.com.br,True,0,pending,,2025-12-19T19:05:25.707157,2025-12-19T19:05:25.707157,,small,weekly,0,0,0,2025-12-19T19:05:25.707157+00:00
284,Dhleiloes,https://www.dhleiloes.com.br,True,0,pending,,2025-12-19T19:05:25.707157,2025-12-19T19:05:25.707157,,small,weekly,0,0,0,2025-12-19T19:05:25.707157+00:00
285,Clebercardosoleiloes,https://www.clebercardosoleiloes.com.br,True,0,pending,,2025-12-19T19:05:25.707157,2025-12-19T19:05:25.707157,,small,weekly,0,0,0,2025-12-19T19:05:25.707157+00:00
286,Leffaleiloes,https://www.leffaleiloes.com.br,True,0,pending,,2025-12-19T19:05:25.707157,2025-12-19T19:05:25.707157,,small,weekly,0,0,0,2025-12-19T19:05:25.707157+00:00
287,Rmcleiloes,https://www.rmcleiloes.com.br,True,0,pending,,2025-12-19T19:05:25.707157,2025-12-19T19:05:25.707157,,small,weekly,0,0,0,2025-12-19T19:05:25.707157+00:00
288,Calilleiloes,https://www.calilleiloes.com.br,True,0,pending,,2025-12-19T19:05:25.707157,2025-12-19T19:05:25.707157,,small,weekly,0,0,0,2025-12-19T19:05:25.707157+00:00
36,Faroonline,https://www.faroonline.com.br,True,20,success,,2025-12-19T19:05:25.707157,2025-12-21T10:15:22.132879,2025-12-21T10:15:22.132878,medium,weekly,20,20,1,2025-12-28T10:15:22.132861+00:00
58,Rigolonleiloes,https://www.rigolonleiloes.com.br,True,3,success,,2025-12-19T19:05:25.707157,2025-12-21T10:42:50.975918,2025-12-21T10:42:50.975916,small,weekly,3,3,1,2025-12-28T10:42:50.975885+00:00
90,Leiloesjudiciaisrs,https://www.leiloesjudiciaisrs.com.br,True,4,success,,2025-12-19T19:05:25.707157,2025-12-21T11:27:15.096561,2025-12-21T11:27:15.09656,small,weekly,4,4,1,2025-12-28T11:27:15.096544+00:00
289,Mega Leilões,https://www.megaleiloes.com.br,True,2,success,,2025-12-20T12:04:32.709869,2025-12-21T18:27:52.269396,2025-12-21T18:27:52.269396,small,monthly,0,31.57,16,2026-01-20T18:27:52.269396+00:00
141,Joelreisleiloes,https://www.joelreisleiloes.com.br,True,4,success,,2025-12-19T19:05:25.707157,2025-12-22T11:09:39.37213,2025-12-22T11:09:39.372129,small,weekly,4,4,1,2025-12-29T11:09:39.372112+00:00
51,Gustavoreisleiloes,https://www.gustavoreisleiloes.com.br,True,0,error,,2025-12-19T19:05:25.707157,2025-12-24T00:13:27.551543,,small,weekly,0,0,0,2025-12-19T19:05:25.707157+00:00
84,Leiloeiropublico,https://www.leiloeiropublico.com.br,True,0,error,,2025-12-19T19:05:25.707157,2025-12-24T03:31:01.230063,,small,weekly,0,0,0,2025-12-19T19:05:25.707157+00:00
98,Lunellileiloes,https://www.lunellileiloes.com.br,True,3,error,,2025-12-19T19:05:25.707157,2025-12-24T03:44:12.275303,2025-12-21T11:42:56.857537,small,weekly,3,3,1,2025-12-28T11:42:56.857521+00:00
171,Oesteleiloes,https://www.oesteleiloes.com.br,True,4,success,,2025-12-19T19:05:25.707157,2025-12-24T10:47:36.734279,2025-12-24T10:47:36.734277,small,weekly,4,4,1,2025-12-31T10:47:36.73426+00:00
